<?xml version="1.0" encoding="UTF-8"?>
<metadata xml:lang="zh"><Esri><CreaDate>20240512</CreaDate><CreaTime>11032800</CreaTime><ArcGISFormat>1.0</ArcGISFormat><SyncOnce>TRUE</SyncOnce><DataProperties><lineage><Process ToolSource="c:\program files\arcgis\pro\Resources\ArcToolbox\toolboxes\Spatial Analyst Tools.tbx\ExtractByMask" Date="20240512" Time="110328">ExtractByMask shj_dem 流域 C:\Users\Administrator\Desktop\师门事务\20240511_第四届数值模拟新\DEM 内部 "109.731799332198 33.7709185808863 111.49913692522 34.4972505847738 GEOGCS["GCS_WGS_1984",DATUM["D_WGS_1984",SPHEROID["WGS_1984",6378137.0,298.257223563]],PRIMEM["Greenwich",0.0],UNIT["Degree",0.0174532925199433]]"</Process></lineage></DataProperties></Esri></metadata>
